<?xml version="1.0" encoding="UTF-8"?>
<layout>
    <HSNode splits="0.375 0.625">
        <CNode>
            <Component label="Annotations">
                <Property id="pluginId" value="org.protege.editor.owl.OWLAnnotationPropertyAnnotations"/>
            </Component>
            <Component label="Annotation Property Usage">
                <Property id="pluginId" value="org.protege.editor.owl.OWLAnnotationPropertyUsageView"/>
            </Component>
        </CNode>

            <CNode>
                <Component label="Description">
                    <Property id="pluginId" value="org.protege.editor.owl.OWLAnnotationPropertyDescription"/>
                </Component>
            </CNode>

    </HSNode>
</layout>