<?xml version="1.0" encoding="UTF-8"?>
<layout>

    <HSNode splits="0.375 0.625">

        <CNode>
            <Component label="Annotations">
                <Property id="pluginId" value="org.protege.editor.owl.OWLObjectPropertyAnnotations"/>
            </Component>
            <Component label="Object Property Usage">
                <Property id="pluginId" value="org.protege.editor.owl.OWLObjectPropertyUsageView"/>
            </Component>
        </CNode>

        <VSNode splits="0.2 0.8">
            <CNode>
                <Component label="Characteristics">
                    <Property id="pluginId" value="org.protege.editor.owl.OWLObjectPropertyCharacteristics"/>
                </Component>
            </CNode>

            <CNode>
                <Component label="Description">
                    <Property id="pluginId" value="org.protege.editor.owl.OWLObjectPropertyDescription"/>
                </Component>
            </CNode>
        </VSNode>
    </HSNode>
</layout>