<?xml version="1.0" encoding="UTF-8"?>
<layout>
    <VSNode splits="0.3 0.7">
        <CNode>
            <Component label="Class hierarchy">
                <Property id="pluginId" value="org.protege.editor.owl.OWLAssertedClassHierarchy"/>
            </Component>
            <Component label="Class hierarchy (inferred)">
                <Property id="pluginId" value="org.protege.editor.owl.InferredOWLClassHierarchy"/>
            </Component>
        </CNode>
        <HSNode splits="0.375 0.625">
            <CNode>
                <Component label="Annotations">
                    <Property id="pluginId" value="org.protege.editor.owl.OWLClassAnnotations"/>
                </Component>
                <Component label="Usage">
                    <Property id="pluginId" value="org.protege.editor.owl.OWLClassUsageView"/>
                </Component>
            </CNode>
            <CNode>
                <Component label="Description">
                    <Property id="pluginId" value="org.protege.editor.owl.OWLClassDescription"/>
                </Component>
            </CNode>
        </HSNode>
    </VSNode>
</layout>